"公司代號","公司名稱","營業收入(百萬元)","毛利率(%)(營業毛利)/(營業收入)","營業利益率(%)(營業利益)/(營業收入)","稅前純益率(%)(稅前純益)/(營業收入)","稅後純益率(%)(稅後純益)/(營業收入)"
"1101","台泥","52784.23","16.57","12.53","13.17","10.99"
"1102","亞泥","32112.81","10.60","6.97","14.90","13.41"
"1103","嘉泥","1792.34","-1.57","-12.79","-0.81","0.81"
"1104","環球水泥","2465.35","9.67","1.76","21.96","21.11"
"1108","幸福水泥","2325.41","12.55","7.29","5.92","4.56"
"1109","信大水泥","1926.41","15.90","4.81","6.47","5.54"
"1110","東泥","947.88","14.17","11.21","7.01","8.26"
"1201","味全公司","14278.48","32.11","5.07","5.04","3.20"
"1203","味王公司","3069.52","20.77","7.01","8.50","6.93"
"1210","大成長城","42614.91","8.33","0.35","0.78","0.53"
"1213","大飲","334.01","15.81","0.94","1.60","1.10"
"1215","卜蜂企業","8584.08","7.64","1.11","1.35","0.90"
"1216","統一","211179.66","31.42","4.82","6.52","5.14"
"1217","愛之味","2017.13","32.02","0.16","0.72","0.26"
"1218","泰山企業","4758.28","11.70","-1.59","0.62","0.36"
"1219","福壽實業","5005.82","4.27","-1.34","-1.04","-0.98"
"1220","台榮","1652.61","7.05","1.09","1.54","1.28"
"1225","福懋油","7146.57","4.31","0.87","0.78","0.62"
"1227","佳格","9517.66","29.01","11.90","13.19","10.88"
"1229","聯華實業","2582.64","10.09","3.02","24.08","21.62"
"1231","聯華食品","2654.54","25.25","5.21","7.51","6.01"
"1232","大統益","9864.36","6.52","4.04","4.79","4.03"
"1233","天仁","999.40","60.94","12.68","14.43","11.97"
"1234","黑松","3193.57","25.60","-0.99","6.98","-13.03"
"1235","興泰","129.89","3.91","-8.39","-36.08","-38.12"
"1236","宏亞食品","1206.66","26.17","4.61","5.02","4.14"
"1301","台塑","106334.32","6.92","1.71","9.23","8.09"
"1303","南亞塑膠","148299.71","10.43","4.56","8.93","7.21"
"1304","台聚","28107.79","8.13","2.41","4.40","3.68"
"1305","華夏","7190.28","14.94","7.32","8.76","7.22"
"1307","三芳化工","5139.81","23.32","8.62","9.97","7.09"
"1308","亞聚","2576.83","7.14","3.22","12.31","11.21"
"1309","台達化工","10143.12","2.62","-0.49","0.95","1.04"
"1310","台苯","10485.09","5.03","2.97","2.31","2.29"
"1312","國喬石化","13074.96","11.51","6.98","7.94","6.34"
"1313","聯成","25224.46","1.95","-1.07","0.54","0.61"
"1314","中石化","16998.87","-2.36","-5.75","-4.97","-5.14"
"1315","達新工業","1419.46","17.15","-1.46","3.01","3.89"
"1316","上曜","684.37","25.55","-10.12","-11.17","-11.60"
"1319","東陽","9514.73","23.32","7.71","9.65","7.81"
"1321","大洋","2850.47","5.69","-1.16","0.31","0.31"
"1323","永裕","1587.19","24.97","12.59","13.17","9.20"
"1324","地球工業","746.79","16.37","3.59","4.27","3.57"
"1325","琱j","517.54","13.56","7.11","9.76","7.65"
"1326","台化","218103.45","7.92","4.87","7.12","6.02"
"1337","F-再生","2657.67","36.49","29.16","31.38","22.87"
"1338","F-廣華","3087.07","20.62","3.87","5.68","4.60"
"1339","昭輝","621.33","33.92","19.41","24.10","19.15"
"1340","F-勝悅","1152.08","35.47","31.20","30.34","25.28"
"1402","遠東新","118701.04","18.97","5.53","7.52","6.32"
"1410","南染","298.67","28.51","15.82","17.38","16.47"
"1413","宏洲纖維","2362.50","-5.28","-7.82","-8.02","-8.06"
"1414","東和","655.93","13.79","8.88","12.72","13.26"
"1416","廣豐","145.06","36.68","-52.63","-51.59","-51.56"
"1417","嘉裕","1663.72","25.82","-4.26","-3.17","-4.02"
"1418","東華","869.05","-2.10","-10.71","-7.25","-7.50"
"1419","新紡","469.65","25.31","-2.16","24.66","24.16"
"1423","利華羊毛","446.12","-1.09","-5.11","-5.54","-3.70"
"1432","大魯閣","485.77","13.53","-11.23","-12.33","-12.93"
"1434","福懋興業","24378.19","10.45","5.22","6.01","4.98"
"1435","中福國際","11.59","83.19","-46.59","-25.32","-25.32"
"1436","華友聯","1.22","35.47","-1405.99","-956.24","-954.02"
"1437","勤益投控","685.16","3.18","-4.07","-7.10","-8.22"
"1438","裕豐","38.10","69.98","52.59","48.43","43.97"
"1439","中和羊毛","220.42","1.12","-4.50","1.10","0.80"
"1440","南紡","10635.33","13.18","7.21","9.12","6.83"
"1441","大東紡織","649.21","9.05","-1.80","0.81","0.96"
"1442","名軒","2947.30","42.05","36.21","36.21","33.75"
"1443","立益紡織","948.30","5.84","-2.51","-4.19","-4.19"
"1444","力麗","6071.54","5.42","1.05","6.01","5.68"
"1445","大宇紡織","1046.84","9.67","2.67","4.02","3.90"
"1446","宏和","410.14","22.86","2.81","4.24","3.75"
"1447","力鵬","13271.04","5.91","3.31","4.96","4.26"
"1449","佳和實業","1816.03","5.50","-5.46","-3.66","-3.82"
"1451","年興紡織","6720.90","11.90","5.81","7.09","5.98"
"1452","宏益","1088.05","7.70","4.13","5.54","4.56"
"1453","大將","121.00","15.33","2.36","4.57","3.73"
"1454","台富","1066.30","8.12","1.67","2.21","1.92"
"1455","集盛","8460.65","3.62","1.20","2.81","2.58"
"1456","怡華","380.26","2.27","-5.40","-14.75","-13.53"
"1457","宜進","2218.24","3.78","0.14","0.27","0.22"
"1459","聯發紡織","1811.63","2.95","-1.15","-0.87","-1.10"
"1460","宏遠","3547.36","15.62","2.39","3.41","3.41"
"1463","強盛染整","434.58","9.80","-3.59","-1.13","-1.12"
"1464","得力實業","2080.36","11.67","-1.16","0.41","0.14"
"1465","偉全實業","1226.35","12.49","3.60","5.50","4.74"
"1466","聚隆","2575.58","8.86","2.13","2.02","1.49"
"1467","南緯實業","3316.07","18.65","2.28","3.05","2.06"
"1468","昶和纖維","455.91","10.41","-7.20","-4.78","-4.78"
"1469","理隆纖維","250.63","9.51","-1.06","6.06","3.40"
"1470","大統染","316.21","13.78","2.80","3.68","3.06"
"1471","首利","3297.64","4.74","-0.78","0.79","0.55"
"1472","三洋紡","418.68","0.41","-18.25","-19.79","-19.46"
"1473","台南企業","4993.35","26.28","1.49","2.29","0.73"
"1474","弘裕","1846.47","6.23","-0.25","0.88","0.73"
"1475","本盟光電","116.07","-18.84","-42.71","-41.44","-41.41"
"1476","儒鴻","7804.46","28.83","18.50","19.40","15.71"
"1477","聚陽實業","8420.38","20.38","9.36","9.65","8.07"
"1503","士電","8845.56","20.74","7.08","7.96","5.89"
"1504","東元電機","28288.40","23.49","8.53","9.89","7.17"
"1506","正道","711.70","7.35","-6.08","-3.67","-4.92"
"1507","永大機電","8932.33","25.34","10.16","10.57","7.34"
"1512","瑞利","1602.79","12.23","-4.42","-4.38","-6.00"
"1513","中興電","4644.52","19.14","5.45","7.06","5.40"
"1514","亞力電機","1894.52","12.73","2.91","3.19","2.69"
"1515","力山","1405.75","19.63","-0.26","8.51","8.44"
"1516","川飛","66.25","10.75","1.72","1.79","1.79"
"1517","利奇機械","1907.88","15.60","7.02","10.39","7.37"
"1519","華城電機","2188.10","16.23","1.01","1.86","1.46"
"1521","大億","1862.21","15.00","4.84","7.47","6.23"
"1522","堤維西","7904.90","17.44","3.00","3.75","3.18"
"1524","耿鼎企業","1230.46","12.29","0.24","1.09","0.96"
"1525","江申工業","527.84","9.24","1.03","26.63","21.61"
"1526","日馳","350.20","20.06","6.06","5.99","5.48"
"1527","鑽全","1257.96","25.10","13.52","33.80","28.05"
"1528","恩德","1859.05","24.60","2.76","4.98","4.06"
"1529","樂士","51.78","14.19","-19.41","-16.35","-16.35"
"1530","亞崴機電","1453.59","20.40","7.10","11.00","8.35"
"1531","高林股","1674.42","23.70","11.02","17.10","10.88"
"1532","勤美","7181.70","23.05","11.75","12.10","10.78"
"1533","車王電","1075.85","34.57","6.05","10.10","7.05"
"1535","中宇","5134.88","10.13","5.74","7.65","6.25"
"1536","和大工業","1725.88","25.01","11.46","12.38","10.65"
"1537","廣隆光電","2666.93","21.09","13.89","15.15","11.84"
"1538","正峰新","367.44","13.53","-31.18","-37.82","-36.53"
"1539","巨庭機械","905.50","11.56","5.15","7.99","6.69"
"1540","喬福機械","467.84","20.22","9.47","15.83","13.71"
"1541","錩泰","879.52","16.39","1.16","2.67","1.72"
"1558","伸興","2433.30","24.13","15.20","17.37","13.62"
"1560","中砂","1994.71","27.98","16.26","15.07","12.44"
"1568","倉佑","852.96","13.68","3.92","4.20","2.52"
"1582","信錦","4370.85","21.86","10.77","10.53","6.70"
"1583","程泰","2831.82","25.15","9.12","12.41","9.14"
"1589","F-永冠","2584.05","26.06","11.66","10.63","8.07"
"1590","F-亞德","3497.10","54.58","29.69","31.55","23.07"
"1603","華電","1302.27","13.76","8.62","7.55","6.69"
"1604","聲寶","6097.55","21.49","1.93","4.99","5.01"
"1605","華新","72911.33","2.64","-0.64","1.34","0.78"
"1608","華榮","5596.90","-0.74","-2.56","-2.54","-2.15"
"1609","大亞電線","8423.97","3.41","-1.68","-1.67","-1.55"
"1611","中電","1838.60","19.11","2.44","1.30","0.22"
"1612","宏泰","2027.76","1.52","-3.55","0.13","0.26"
"1613","台一","21811.71","1.66","0.33","-0.65","-0.82"
"1614","三洋電","2709.94","15.81","2.47","3.67","3.26"
"1615","大山","1454.88","4.55","0.88","1.25","0.81"
"1616","億泰","1616.58","1.58","-4.19","0.08","1.50"
"1617","榮星電線","1886.52","5.78","-0.06","0.57","0.41"
"1618","合機公司","1210.35","1.24","-3.69","-1.92","-2.54"
"1626","F-艾美","7723.59","19.50","5.25","7.64","6.68"
"1701","中化","2551.81","29.44","4.04","6.23","5.44"
"1702","南僑化工","6331.51","32.13","9.52","9.41","5.93"
"1704","榮化","25262.75","6.02","0.97","0.86","-1.29"
"1707","葡萄王","2746.88","87.80","20.29","22.22","18.44"
"1709","和益化工","6128.22","9.57","3.65","4.22","2.91"
"1710","東聯","7166.39","12.35","8.25","6.47","5.28"
"1711","永光化學","4252.98","23.27","6.85","7.20","5.62"
"1712","興農","7548.58","25.03","3.67","3.58","2.75"
"1713","國化","327.95","14.54","5.85","11.27","10.07"
"1714","和桐化學","24608.66","4.89","1.35","1.09","0.79"
"1715","萬洲化學","5161.34","14.35","5.82","6.40","5.40"
"1717","長興材料","17833.02","16.93","4.78","5.80","4.27"
"1720","生達化學","1541.14","43.60","12.04","16.47","13.78"
"1721","三晃","861.38","8.92","-0.60","0.85","0.85"
"1722","台肥","9157.63","22.72","14.93","27.98","24.91"
"1723","中碳","4478.38","30.78","26.74","28.64","24.53"
"1724","台硝","954.08","20.73","10.07","14.53","12.10"
"1725","元禎","4842.59","3.26","1.11","1.10","0.90"
"1726","永記造漆","4000.65","25.80","13.98","16.21","12.55"
"1727","中華化學","1036.11","14.87","5.62","5.07","4.17"
"1729","必翔實業","495.25","21.90","-67.44","-65.36","-66.97"
"1730","花仙子","718.71","44.60","6.45","7.69","5.72"
"1731","美吾華","950.92","29.11","2.72","2.98","3.02"
"1732","毛寶","304.43","39.04","-0.18","0.13","-0.19"
"1733","五鼎","1020.53","33.41","22.76","31.53","28.31"
"1734","杏輝藥品","1109.10","35.89","3.13","21.36","19.08"
"1735","日勝化","2256.35","10.94","1.52","1.83","1.05"
"1736","喬山健康","6241.58","43.88","-0.84","-0.54","-1.15"
"1737","臺鹽","1175.75","35.45","4.27","5.33","4.44"
"1762","中化合成","570.12","39.61","15.25","17.81","15.29"
"1773","勝一化工","3216.93","16.50","8.38","10.33","8.44"
"1783","和康生技","113.90","45.22","-2.73","0.54","0.13"
"1786","科妍","95.11","54.07","13.54","15.21","17.03"
"1789","台灣神隆","2524.14","54.64","33.48","34.68","29.96"
"1802","台玻","16323.06","5.20","-8.60","-11.79","-11.67"
"1805","寶徠","101.46","24.44","-23.42","-21.81","-22.78"
"1806","冠軍","3241.56","30.31","4.56","2.79","1.94"
"1808","潤隆","166.06","63.33","7.21","4.16","-3.97"
"1809","中釉","1639.26","18.00","2.61","3.28","2.26"
"1810","和成","2699.52","24.67","-1.40","1.03","1.07"
"1817","凱撒衛浴","776.81","29.40","11.91","12.06","9.58"
"1902","台紙","3417.09","10.30","1.12","2.52","1.58"
"1903","士紙","1081.85","7.63","-5.21","-4.84","-4.84"
"1904","正隆","20750.52","16.86","4.42","4.23","3.13"
"1905","華紙","9790.72","4.62","-2.57","-2.17","-2.16"
"1906","寶隆","305.20","14.13","-0.36","8.89","8.89"
"1907","永豐餘","27679.24","14.38","0.74","1.37","0.53"
"1909","榮成","10679.77","15.45","6.52","6.29","4.58"
"2002","中鋼","173155.80","10.99","7.22","7.05","5.91"
"2006","東和鋼鐵","17842.00","10.12","5.86","6.73","5.64"
"2007","燁興公司","3212.71","-6.12","-9.83","-13.04","-13.31"
"2008","高興昌","585.12","-27.09","-37.37","962.84","950.33"
"2009","第一伸銅","1870.34","-2.60","-4.42","-3.53","-2.80"
"2010","春源鋼鐵","9725.93","4.51","0.04","2.19","1.79"
"2012","春雨","4129.17","15.97","2.88","4.20","2.74"
"2013","中鋼構","9988.43","3.99","1.97","2.63","2.37"
"2014","中鴻","20462.54","4.02","0.75","0.36","0.34"
"2015","豐興鋼鐵","14895.66","7.36","5.12","5.47","4.59"
"2017","官田鋼","3039.04","4.83","-1.33","-1.72","-2.19"
"2020","美亞鋼管","2508.47","11.48","5.82","6.13","4.89"
"2022","聚亨","5521.82","4.31","-0.98","-2.36","0.81"
"2023","燁輝","27256.43","6.55","2.16","1.25","1.07"
"2024","志聯工業","979.91","11.00","4.79","3.29","3.29"
"2025","千興","1945.96","-7.52","-9.69","-10.91","-10.91"
"2027","大成鋼","18953.93","10.89","0.89","1.23","0.31"
"2028","威致鋼鐵","5298.68","0.64","-1.83","-2.80","-2.80"
"2029","盛餘","7231.56","11.42","6.00","5.86","4.76"
"2030","彰源","6684.49","7.42","1.49","0.73","0.48"
"2031","新光鋼","4399.74","7.45","6.69","4.75","4.00"
"2032","新鋼工業","1772.16","2.69","-0.16","0.47","0.40"
"2033","佳大世界","445.26","7.91","-2.49","-1.48","-1.32"
"2034","允強","11711.23","6.85","2.98","3.41","3.05"
"2038","海光企業","5579.86","0.90","-0.83","-1.29","-1.11"
"2049","上銀科技","5176.88","36.52","14.52","16.38","11.30"
"2059","川湖","1840.22","50.44","37.45","47.21","38.06"
"2062","橋椿","2846.08","26.72","16.17","18.82","15.35"
"2101","南港輪胎","6651.61","12.17","3.23","1.27","0.70"
"2102","泰豐輪胎","4345.91","22.97","11.57","11.96","9.01"
"2103","台橡","19277.63","14.58","8.79","9.02","7.22"
"2104","中橡","11113.41","16.03","8.60","7.03","1.99"
"2105","正新","65425.44","24.88","15.50","17.61","13.66"
"2106","建大","14669.13","25.47","14.10","14.66","11.30"
"2107","厚生","2214.78","60.35","50.04","54.19","50.14"
"2108","南帝化工","4635.49","14.65","5.47","6.20","5.24"
"2109","華豐橡膠","3778.61","17.94","6.36","6.56","5.11"
"2114","鑫永銓","897.14","34.04","26.01","28.27","23.75"
"2201","裕隆汽車","41435.67","17.52","2.09","6.96","5.52"
"2204","中華汽車","18618.86","15.24","3.11","7.99","7.12"
"2206","三陽工業","16669.79","15.06","-0.54","1.06","0.71"
"2207","和泰汽車","72652.00","12.19","5.12","7.26","5.80"
"2208","台船公司","12288.33","4.58","2.76","3.19","2.71"
"2227","裕隆日產","14445.28","16.95","5.07","25.53","21.18"
"2228","劍麟","1479.32","28.23","13.51","15.70","11.07"
"2231","為升","696.93","42.87","25.71","28.35","24.59"
"2301","光寶科技","96777.68","14.77","4.53","5.37","4.25"
"2302","麗正","304.53","21.38","-5.07","0.76","0.54"
"2303","聯電","59686.12","17.87","2.42","15.62","13.66"
"2305","全友電腦","346.47","38.43","-17.21","-5.97","-8.09"
"2308","台達電","82274.70","25.39","10.77","12.39","10.83"
"2311","日月光","98949.64","18.91","9.10","8.28","6.33"
"2312","金寶電子","24592.03","7.30","4.04","4.01","2.07"
"2313","華通","13624.33","13.72","7.57","6.94","4.51"
"2314","台揚科技","3403.81","8.86","-11.82","-10.44","-10.77"
"2316","楠梓電","2813.68","7.46","-0.65","4.61","3.44"
"2317","鴻海","1704629.45","5.74","1.91","2.82","1.95"
"2321","東訊","3645.75","8.75","0.26","0.66","0.66"
"2323","中環","8161.07","0.73","-12.99","-13.67","-13.78"
"2324","仁寶電腦","334434.93","4.03","1.31","1.15","0.85"
"2325","矽品","31420.81","18.12","8.06","6.19","4.61"
"2327","國巨","12394.23","22.04","10.79","7.09","4.58"
"2328","廣宇","6518.56","10.15","2.15","4.35","2.46"
"2329","華泰電子","4487.52","7.34","-3.32","-4.09","-6.31"
"2330","台積電","288641.32","47.53","35.36","36.64","31.63"
"2331","精英","29692.66","8.65","1.95","2.62","1.90"
"2332","友訊科技","14447.03","26.34","-0.08","0.41","0.19"
"2337","旺宏","9635.80","0.42","-41.10","-40.86","-40.88"
"2338","光罩","903.64","15.60","0.60","2.51","2.05"
"2340","光磊","3242.24","20.02","6.08","7.40","6.19"
"2342","茂矽","826.36","-52.26","-70.37","-87.14","-87.91"
"2344","華邦電","16520.93","20.06","1.57","1.35","0.48"
"2345","智邦科技","10979.03","16.33","1.69","2.98","2.41"
"2347","聯強國際","152416.60","3.46","1.04","2.03","1.72"
"2348","海悅","176.10","55.94","37.86","37.96","37.96"
"2349","錸德科技","7518.41","-2.56","-15.69","-17.34","-18.15"
"2351","順德","4603.48","14.04","6.37","6.86","5.43"
"2352","佳世達","56824.65","10.20","0.50","0.37","0.04"
"2353","宏","181350.74","8.44","-0.32","-0.05","0.09"
"2354","鴻準","37737.25","14.92","9.21","10.68","7.99"
"2355","敬鵬","9359.63","15.95","9.47","12.52","9.60"
"2356","英業達","203992.06","4.95","1.43","2.24","1.56"
"2357","華碩","213772.77","13.36","4.33","6.14","5.08"
"2358","廷鑫","776.70","-0.13","-4.78","-4.83","-4.83"
"2359","所羅門","3029.66","14.30","3.44","3.84","1.84"
"2360","致茂電子","5054.98","38.93","13.06","15.08","12.69"
"2362","藍天","8710.31","32.46","10.71","29.59","25.08"
"2363","矽統科技","227.95","16.25","-93.89","-93.53","-93.54"
"2364","倫飛電腦","404.65","18.09","-30.24","-24.87","-24.91"
"2365","昆盈企業","4211.11","18.28","1.51","2.39","1.83"
"2367","燿華","6387.08","10.56","-0.26","3.09","3.08"
"2368","金像電","8193.34","4.23","-5.99","-6.08","-6.83"
"2369","菱生","3034.74","15.12","6.69","7.49","6.57"
"2371","大同","54084.35","8.12","-5.75","-8.54","-9.06"
"2373","震旦行","5140.40","44.91","7.36","13.93","12.62"
"2374","佳能","13679.87","8.35","1.39","1.68","1.20"
"2375","智寶","912.14","16.21","3.13","12.56","11.62"
"2376","技嘉","23944.90","18.47","3.42","5.31","4.44"
"2377","微星科技","32683.75","12.89","3.03","3.59","2.60"
"2379","瑞昱","13699.85","43.85","9.76","12.17","11.02"
"2380","虹光精密","1272.93","22.37","-17.59","-15.78","-14.52"
"2382","廣達","388519.55","4.36","1.37","2.99","2.25"
"2383","台光電子","8260.66","15.47","6.33","6.12","4.63"
"2385","群光電子","35177.49","14.70","5.52","6.89","5.60"
"2387","精元電腦","5628.23","12.31","3.87","2.71","1.78"
"2388","威盛電子","2458.01","33.92","-58.38","-40.84","-42.20"
"2390","云辰","444.98","28.33","-13.73","11.84","8.64"
"2392","正崴","47189.19","10.17","1.43","2.31","1.68"
"2393","億光電子","10959.09","24.60","8.36","7.97","5.71"
"2395","研華","14438.22","41.29","15.65","17.24","13.80"
"2397","友通資訊","1097.67","30.07","10.54","14.13","11.61"
"2399","映泰","2311.24","10.10","2.12","4.97","3.67"
"2401","凌陽科技","4116.49","39.84","-1.55","2.65","2.53"
"2402","毅嘉科技","4279.18","14.14","4.42","4.81","3.69"
"2404","漢唐","6298.38","13.84","9.36","10.42","8.53"
"2405","浩鑫","7118.72","13.05","3.21","3.10","2.77"
"2406","國碩科技","4095.12","7.51","0.71","0.18","-0.63"
"2408","南亞科","23080.75","17.49","10.30","9.55","9.52"
"2409","友達","206579.01","7.78","1.86","0.45","0.32"
"2412","中華電","112454.95","35.33","21.25","21.88","18.23"
"2413","環科","2048.92","12.21","-2.05","0.68","0.07"
"2414","精技電腦","6625.07","9.03","1.07","1.18","0.96"
"2415","錩新","873.11","20.24","5.23","4.86","2.92"
"2417","圓剛","537.12","40.61","-17.75","-12.98","-15.80"
"2419","仲琦","3506.58","23.44","4.83","5.94","4.38"
"2420","新巨","1722.79","32.29","13.08","16.54","13.46"
"2421","建準電機","3789.30","21.17","3.01","3.94","2.77"
"2423","固緯","992.43","45.52","4.70","10.60","9.51"
"2424","隴華電子","124.38","33.99","22.18","22.85","22.85"
"2425","承啟","2570.65","7.44","5.81","6.61","6.54"
"2426","鼎元","1654.70","-7.09","-29.00","-13.84","-13.84"
"2427","三商電腦","1087.60","25.63","-0.71","0.31","-0.24"
"2428","興勤電子","2016.19","23.12","13.02","13.79","9.57"
"2429","銘旺科","325.72","5.75","-3.87","-4.85","-4.85"
"2430","燦坤實業","12653.12","15.12","2.71","2.82","2.09"
"2431","聯昌電子","1087.59","9.81","-1.79","0.67","0.30"
"2433","互盛電","959.76","46.25","16.60","61.00","56.96"
"2434","統懋","257.87","-1.48","-17.72","-13.07","-15.69"
"2436","偉詮電","850.05","21.71","1.40","7.89","6.46"
"2437","旺詮","1326.90","21.91","11.94","13.33","8.91"
"2438","翔耀實業","18.19","-20.12","-124.31","-169.86","-147.09"
"2439","美律","4504.57","19.32","7.62","7.24","5.68"
"2440","太空梭","1007.58","4.18","-7.46","-7.17","-7.39"
"2441","超豐電子","4397.96","21.16","16.94","17.85","15.73"
"2442","新美齊","352.78","21.95","-1.53","19.23","16.11"
"2443","新利虹","253.21","18.88","-23.19","-20.56","-20.59"
"2444","友旺科技","742.22","13.40","-1.01","0.65","0.65"
"2448","晶電","10392.67","11.88","0.78","1.38","1.09"
"2449","京元電","7157.91","26.86","15.10","15.98","12.98"
"2450","神腦","21481.36","14.84","4.15","4.86","3.97"
"2451","創見資訊","13018.93","20.61","14.44","16.56","14.39"
"2453","凌群","2203.27","20.86","2.27","3.23","2.66"
"2454","聯發科","57250.25","42.75","15.68","19.33","18.26"
"2455","全新","1256.30","34.40","27.64","29.92","25.37"
"2456","奇力新","1869.63","21.41","9.75","10.57","7.48"
"2457","飛宏科技","5631.90","15.75","0.27","2.26","0.95"
"2458","義隆","4026.84","47.59","23.92","25.08","20.99"
"2459","敦吉","6071.89","9.18","4.21","5.00","3.37"
"2460","建通精密","1887.21","8.00","-2.38","-3.95","-2.71"
"2461","光群雷射","2004.91","25.51","6.88","10.33","9.19"
"2462","良得電","2130.59","13.49","4.17","4.96","3.27"
"2464","盟立","3200.18","17.37","6.97","7.42","6.58"
"2465","麗臺科技","909.39","13.23","-9.27","-8.08","-8.09"
"2466","冠西電","483.28","13.63","-10.12","-0.58","0.33"
"2467","志聖工業","1706.03","33.27","4.56","13.92","10.82"
"2468","華經","674.96","11.43","-1.00","0.60","0.44"
"2471","資通","326.96","34.06","10.50","12.33","10.04"
"2472","立隆電子","2791.49","18.37","6.68","11.44","7.61"
"2474","可成科技","19692.05","43.19","33.30","48.33","38.43"
"2475","華映","27717.68","7.80","-5.78","-18.30","-19.25"
"2476","鉅祥","2139.96","24.76","6.97","11.06","8.59"
"2477","美隆電","1801.49","14.16","-2.66","-1.51","-1.56"
"2478","大毅","1808.44","13.92","3.27","3.48","3.08"
"2480","敦陽科技","1796.38","33.15","9.65","10.29","8.47"
"2481","強茂","6210.93","10.03","-5.00","-7.01","-6.26"
"2482","連宇","357.21","35.36","-1.01","1.98","1.02"
"2483","百容","784.86","20.89","3.68","7.73","5.97"
"2484","希華","1169.36","20.06","5.48","7.55","5.61"
"2485","兆赫電子","3766.07","18.81","7.68","11.97","10.63"
"2486","一詮精密","3385.59","10.52","1.76","3.02","2.16"
"2488","漢平","926.90","23.59","9.09","11.27","9.23"
"2489","瑞軒","13196.68","8.99","0.72","4.73","3.98"
"2491","吉祥全","509.27","3.56","-42.86","-65.14","-65.17"
"2492","華新科","6289.08","8.20","-4.98","-5.34","-5.62"
"2493","揚博科技","1146.24","26.52","13.98","16.92","14.08"
"2495","普安","829.31","43.18","-2.61","4.02","2.36"
"2496","卓越成功","83.66","28.89","-1.85","-1.31","-1.31"
"2497","怡利電子","1352.77","29.16","8.56","9.96","7.62"
"2498","宏達電","113455.43","22.09","0.96","1.43","1.18"
"2499","東貝光電","3803.11","18.82","4.91","5.63","5.26"
"2501","國建","5545.96","32.89","23.90","24.16","23.03"
"2504","國產","14180.79","5.67","-1.29","0.48","0.35"
"2505","國揚實業","4995.27","15.05","9.78","9.52","7.98"
"2506","太設","2131.37","38.81","7.09","9.92","7.03"
"2509","全坤建","213.52","42.12","-13.58","-31.14","-37.85"
"2511","太子","5327.60","31.35","3.73","2.14","2.17"
"2515","中工","6000.72","7.37","1.49","0.82","0.47"
"2516","新建","4405.49","-2.29","-4.09","-3.85","-4.22"
"2520","冠德","1729.12","29.22","-2.98","20.08","14.19"
"2524","京城","2291.84","45.19","37.23","36.57","28.82"
"2527","宏璟","116.62","30.57","-53.79","-91.63","-104.45"
"2528","皇普建設","2.63","28.02","-839.56","-994.46","-996.13"
"2530","華建","567.71","32.61","17.55","14.34","12.19"
"2534","宏盛","35.93","55.53","-1021.01","-1196.63","-1217.76"
"2535","達工","7681.23","10.11","6.08","6.29","5.07"
"2536","宏普建設","873.24","38.40","14.14","5.15","-1.21"
"2537","聯上開發","1625.24","34.57","24.47","23.69","23.15"
"2538","基泰建設","309.49","9.04","-6.02","34.49","30.20"
"2539","櫻花建設","956.70","34.94","26.90","26.99","25.30"
"2540","愛山林","0.28","38.03","-3035.92","-3780.63","-3780.63"
"2542","興富發","19149.09","37.88","29.50","29.26","23.29"
"2543","皇昌營造","1554.05","4.19","-0.14","0.11","0.11"
"2545","皇翔","3661.35","58.32","45.71","44.01","38.10"
"2546","根基","2631.34","5.02","2.76","4.37","3.81"
"2547","日勝","892.14","68.47","-23.96","-63.79","-66.36"
"2548","華固建設","8420.52","39.95","36.41","36.74","35.84"
"2597","潤弘精密","6667.73","12.44","8.31","8.12","6.90"
"2601","益航","3927.02","76.51","12.87","4.21","-3.71"
"2603","長榮海運","69877.43","-0.08","-3.95","-3.47","-3.62"
"2605","新興","2579.32","42.62","41.63","38.68","34.54"
"2606","裕民","3297.08","4.57","0.60","14.35","13.28"
"2607","榮運","3038.47","12.99","9.36","10.59","8.76"
"2608","嘉里大榮","3561.53","18.81","12.69","14.78","11.70"
"2609","陽明海運","57388.21","-4.22","-9.17","-10.61","-9.23"
"2611","志信","766.25","19.54","-2.13","0.95","-5.59"
"2612","中航","1631.17","24.40","15.79","13.14","11.82"
"2613","中櫃","1251.54","7.45","3.28","2.63","2.28"
"2614","東森","5960.41","27.45","-3.92","-0.86","-1.47"
"2615","萬海","28646.12","7.11","1.46","2.41","1.93"
"2616","山隆通運","9501.12","6.27","1.31","1.61","1.20"
"2617","台航","1359.17","12.60","7.41","32.80","29.82"
"2618","長榮航空","59375.84","8.93","1.19","-0.95","-1.42"
"2634","漢翔公司","11630.69","10.74","7.82","8.44","8.44"
"2642","宅配通","1307.52","22.87","8.87","9.61","8.01"
"2701","萬企","177.21","46.42","38.54","62.50","53.11"
"2702","華園","320.79","76.66","17.04","11.61","6.60"
"2704","國賓","1567.82","45.59","13.94","12.39","9.31"
"2705","六福","1222.64","36.29","-7.66","-9.32","-9.32"
"2706","第一店","178.79","66.08","57.90","88.65","74.49"
"2707","晶華酒店","2817.89","40.30","23.29","23.55","19.59"
"2712","遠雄來","208.06","31.54","4.65","2.25","1.36"
"2722","夏都","294.76","56.96","23.53","24.31","19.30"
"2723","F-美食","7177.31","56.26","7.28","7.26","4.68"
"2727","王品","7038.73","53.94","11.69","11.91","9.24"
"2731","雄獅旅遊","7192.39","15.36","2.37","2.75","2.27"
"2816","旺旺保險","2353.61","34.85","8.37","9.80","9.79"
"2823","中壽","72149.07","6.33","4.18","4.22","3.76"
"2832","台產","1924.60","43.33","20.95","21.39","18.22"
"2841","台灣土地","438.51","98.24","44.49","35.80","32.44"
"2850","新產","4864.59","32.48","9.67","9.68","8.12"
"2851","中再保","7444.26","6.69","4.11","4.11","2.88"
"2852","第一保","2462.30","40.19","19.59","19.59","17.41"
"2867","三商美邦","68721.24","5.24","2.19","2.14","2.23"
"2901","欣欣大眾","68.74","84.76","16.93","22.83","18.94"
"2903","遠百","22414.36","48.78","4.70","6.95","5.39"
"2904","匯僑","257.48","41.58","28.92","38.11","33.38"
"2906","高林實","2892.54","20.83","-1.20","0.20","0.08"
"2908","特力","17471.03","29.43","1.98","2.03","1.92"
"2910","統領","305.07","66.06","23.46","23.92","19.64"
"2911","麗嬰房","4446.68","47.95","-2.54","-2.68","-1.60"
"2912","統一超","97922.61","31.15","5.15","6.21","4.97"
"2913","台灣農林","750.23","34.43","11.33","64.08","63.59"
"2915","潤泰全球","4653.92","42.73","25.42","67.81","65.96"
"2923","F-鼎固","3264.45","40.02","31.12","15.06","8.60"
"2929","F-淘帝","1533.98","40.34","19.33","19.71","12.90"
"3002","歐格電子","214.75","31.67","4.75","12.83","11.01"
"3003","健和興","1369.70","25.34","11.75","12.73","8.14"
"3004","豐達科技","549.97","31.13","15.36","15.51","12.35"
"3005","神基科技","7384.99","17.86","3.08","3.81","2.70"
"3006","晶豪科技","3162.15","19.93","5.34","13.59","13.09"
"3008","大立光","10960.29","46.45","37.82","42.75","35.44"
"3010","華立","16363.31","8.83","2.92","4.72","3.54"
"3011","今皓","1216.28","5.62","-5.54","-4.52","-3.53"
"3013","晟銘電子","1042.42","19.24","-0.74","1.16","0.87"
"3014","聯陽","1707.14","40.50","5.12","6.22","4.37"
"3015","全漢","7629.71","15.40","3.81","5.04","3.76"
"3016","嘉晶","437.57","12.72","1.55","-0.17","-0.40"
"3017","奇鋐科技","9061.96","12.43","1.20","1.78","1.03"
"3018","同開科技","94.19","4.25","-33.33","-32.34","-27.33"
"3019","亞洲光學","7802.90","9.65","-3.88","2.30","1.63"
"3021","鴻名企業","718.44","23.87","3.61","5.10","4.33"
"3022","威強電","2689.50","32.47","10.43","23.93","18.97"
"3023","信邦電子","5018.54","21.27","7.20","8.07","5.77"
"3024","憶聲電子","2329.50","11.71","-12.91","-10.70","-10.51"
"3025","星通","296.27","42.18","1.66","5.65","4.56"
"3026","禾伸堂","7152.17","13.51","4.59","5.57","4.39"
"3027","盛達電業","513.25","25.94","-4.49","0.60","0.26"
"3028","增你強","14117.33","4.94","1.25","1.97","1.55"
"3029","零壹科技","1974.55","9.10","1.76","1.62","1.32"
"3030","德律科技","1564.13","53.72","19.73","23.40","17.75"
"3031","佰鴻工業","1382.39","11.14","-2.31","-2.63","-3.62"
"3032","偉訓科技","1177.03","20.02","2.32","2.52","1.62"
"3033","威健","14706.52","6.99","2.16","2.15","1.74"
"3034","聯詠","20265.82","27.80","13.30","13.80","11.42"
"3035","智原","3599.95","44.11","13.21","13.36","11.33"
"3036","文曄科技","41034.71","5.89","1.97","1.92","1.51"
"3037","欣興電子","29824.27","12.74","4.34","3.53","2.75"
"3038","全台","1651.07","13.44","0.79","2.30","1.45"
"3040","遠見","101.91","57.03","11.97","34.49","22.56"
"3041","揚智","1816.28","45.37","-2.03","50.23","47.82"
"3042","晶技","4657.85","23.35","9.83","10.58","9.21"
"3043","科風","743.94","-5.75","-38.08","-32.55","-32.94"
"3044","健鼎科技","20229.15","14.39","6.55","7.08","5.67"
"3045","台灣大","53327.38","36.81","19.31","17.90","14.77"
"3046","建","678.12","34.07","-10.72","-9.38","-10.21"
"3047","訊舟科技","2968.02","27.06","2.81","4.96","3.45"
"3048","益登","14774.54","4.74","0.79","0.59","0.49"
"3049","和鑫","5797.79","17.98","10.55","7.37","7.37"
"3050","鈺德科技","500.77","26.79","2.21","-1.47","-2.58"
"3051","力特光電","2229.64","19.39","11.18","13.46","18.70"
"3052","夆典","1383.07","4.55","-0.25","-0.35","0.73"
"3054","立萬利","1358.96","18.92","13.10","14.58","12.07"
"3055","蔚華科技","1296.96","25.25","3.03","4.74","3.64"
"3056","總太地產","1700.95","46.24","35.88","40.60","37.14"
"3057","喬鼎資訊","1759.77","41.24","9.63","10.23","9.09"
"3058","立德電子","2855.94","16.75","4.03","3.53","2.89"
"3059","華晶科技","8867.84","6.49","-0.63","-0.33","-0.33"
"3060","銘異","3262.59","14.71","4.43","8.63","6.14"
"3062","建漢科技","5542.52","7.31","1.42","2.84","2.28"
"3090","日電貿","2590.60","13.96","4.44","6.07","5.21"
"3094","聯傑國際","175.24","69.21","14.30","22.31","18.10"
"3130","一零四","1038.69","49.48","12.13","12.48","10.37"
"3149","正達國際","6099.81","5.99","-2.99","-3.46","-5.70"
"3164","景岳生技","167.26","71.42","28.12","27.06","26.63"
"3167","大量科技","985.61","31.13","7.14","11.76","9.28"
"3189","景碩科技","11185.16","26.02","14.79","15.92","13.59"
"3209","全科","9401.39","5.08","0.97","1.21","0.92"
"3229","晟鈦","305.02","19.42","7.82","11.08","8.45"
"3231","緯創","321146.11","4.61","1.05","1.36","1.05"
"3257","虹冠電","330.29","50.05","23.41","25.71","25.71"
"3266","昇陽建設","3457.55","34.61","26.53","26.15","25.53"
"3296","勝德國際","1222.53","11.17","-6.39","-3.66","-4.06"
"3305","昇貿科技","2946.22","15.59","9.03","9.93","7.24"
"3308","聯德電子","844.81","5.28","-10.39","-5.20","-3.66"
"3311","閎暉","3836.93","21.04","6.00","7.88","5.75"
"3312","弘憶國際","6854.89","4.28","1.04","1.07","0.77"
"3315","宣昶","4097.08","6.18","-0.16","0.41","0.26"
"3338","泰碩電子","1335.60","21.14","5.64","5.89","4.96"
"3356","奇偶科技","1091.49","55.64","30.30","32.79","27.19"
"3376","新日興","3659.33","21.00","10.05","13.30","8.85"
"3380","明泰科技","10924.37","15.32","2.04","2.69","2.28"
"3383","新世紀","1777.57","-2.42","-17.08","-19.86","-19.75"
"3406","玉晶光","4133.12","6.88","-9.87","-6.50","-6.33"
"3413","京鼎","905.53","11.87","-2.20","0.55","-5.38"
"3416","融程電訊","691.44","35.96","15.47","17.70","15.37"
"3419","譁裕實業","1454.86","16.20","-6.50","-6.38","-6.52"
"3432","台端","598.11","12.64","-10.67","-10.93","-9.33"
"3437","榮創","3013.41","19.47","11.49","12.40","11.04"
"3443","創意電子","2497.50","28.92","4.62","5.30","4.39"
"3450","聯鈞","2429.69","18.08","10.11","10.26","8.13"
"3454","晶睿","2075.81","45.76","22.69","24.16","19.82"
"3474","華亞科","21379.34","15.65","14.39","13.37","13.37"
"3481","群創光電","228414.82","9.99","4.97","2.60","2.52"
"3494","誠研科技","975.81","18.99","-10.46","-11.57","-11.16"
"3501","維熹科技","2620.83","24.07","11.38","13.95","10.64"
"3504","揚明光學","2710.65","25.36","6.16","7.30","5.11"
"3514","昱晶能源","6685.12","0.75","-4.33","-6.53","-5.71"
"3515","華擎","5278.25","22.04","11.84","13.46","10.91"
"3518","柏騰科技","691.87","26.10","-7.07","20.58","18.05"
"3519","綠能","5767.01","-17.70","-22.09","-22.35","-21.91"
"3532","台勝科","4983.63","6.50","3.72","3.95","2.47"
"3533","嘉澤端子","3584.73","30.32","9.58","12.06","8.62"
"3535","晶彩科","171.02","8.79","-53.76","-53.65","-45.11"
"3536","誠創科技","485.74","3.99","-18.16","-11.65","-12.34"
"3545","敦泰","4890.39","17.21","6.94","7.42","6.30"
"3550","聯穎","1999.84","14.49","2.83","3.62","2.39"
"3557","嘉威光電","679.12","10.28","-2.40","-5.12","-5.14"
"3559","全智科","536.11","30.17","16.67","17.65","13.94"
"3561","昇陽科","2711.20","-0.59","-7.21","-16.19","-16.19"
"3573","穎台","1998.81","6.73","-8.12","-5.17","-5.20"
"3576","新日光","6668.25","2.43","-7.74","-3.94","-3.97"
"3579","尚志","6078.55","-16.34","-21.02","-21.40","-21.06"
"3583","辛耘","1380.69","29.94","7.67","8.13","6.11"
"3584","介面光電","5391.58","4.66","-2.43","-1.37","-1.39"
"3588","通嘉","505.12","37.33","11.10","14.40","12.20"
"3591","艾笛森","1268.51","10.72","-3.59","-1.30","-1.40"
"3593","力銘","163.51","-24.74","-93.78","-134.39","-134.59"
"3596","智易科技","9066.11","14.29","4.44","5.92","4.54"
"3598","奕力","4899.42","15.07","3.95","4.35","3.60"
"3605","宏致","1927.48","25.91","1.34","3.06","1.88"
"3607","谷崧","3526.91","13.33","4.69","6.51","5.12"
"3617","碩天科技","2253.25","41.89","8.00","8.77","7.39"
"3622","洋華","4811.81","12.68","0.55","3.82","-0.55"
"3638","F-IML","1107.55","52.47","21.08","22.24","18.91"
"3645","達邁","414.08","22.64","8.23","9.65","7.69"
"3653","健策","1585.60","18.76","3.86","1.59","2.06"
"3661","F- 世芯","1122.39","17.69","-6.83","-6.57","-6.70"
"3665","F-貿聯","3369.33","29.09","12.05","10.25","8.02"
"3669","圓展","830.73","53.43","0.71","1.56","-0.46"
"3673","F-TPK","87717.66","16.24","9.85","10.20","9.11"
"3679","新至陞","2237.40","13.33","4.33","5.50","3.40"
"3682","亞太電信","10736.80","35.19","11.01","11.83","11.83"
"3686","達能","373.26","-85.81","-97.74","-102.65","-86.85"
"3694","海華科技","2978.19","12.70","-5.53","-4.77","-4.27"
"3698","隆達","6733.01","12.88","4.44","12.50","10.96"
"3701","大眾投控","5925.08","8.73","-5.57","-5.60","-5.52"
"3702","大聯大","187214.59","4.82","1.64","1.59","1.29"
"3703","欣陸投控","7166.18","5.73","-0.62","0.27","-0.98"
"3704","合勤控","7529.29","21.41","-3.33","-1.06","-1.52"
"3705","永信","2351.31","47.83","11.78","14.71","11.84"
"3990","測試帳號","2709.94","15.81","2.47","3.67","3.26"
"4104","佳醫","2747.97","20.89","4.63","9.07","7.19"
"4106","雃博","1001.64","42.00","11.58","12.46","8.47"
"4108","懷特","90.89","3.78","-80.01","-23.85","-23.88"
"4119","旭富製藥","644.02","31.23","19.30","18.84","15.56"
"4133","亞諾法","245.93","51.87","19.38","21.73","18.18"
"4141","F - 龍燈","3518.96","37.76","2.21","-2.60","-3.68"
"4142","國光生技","148.32","-123.07","-202.07","-208.50","-208.50"
"4144","F-康聯","912.22","55.00","17.43","33.89","27.86"
"4164","承業醫","768.02","30.02","15.07","15.35","11.81"
"4306","炎洲","9642.38","15.66","7.46","8.22","7.59"
"4414","如興","1414.23","13.99","4.03","3.16","3.20"
"4426","利勤實業","547.12","37.68","20.00","20.82","16.92"
"4526","東台","3548.61","23.43","4.64","6.75","5.18"
"4532","瑞智精密","8587.54","17.15","9.38","9.38","6.36"
"4536","拓凱","2809.79","28.33","11.95","15.48","11.81"
"4545","銘鈺","985.81","23.32","5.18","5.79","5.02"
"4551","智伸科","1165.77","26.10","12.90","13.33","8.89"
"4720","德淵企業","1030.14","22.89","3.92","5.83","3.83"
"4722","國精化學","2381.34","11.45","2.75","3.44","2.52"
"4725","信昌化","11232.51","0.89","-1.39","-1.62","-1.41"
"4733","上緯企業","1677.70","20.53","7.33","7.74","6.01"
"4737","華廣","776.42","39.83","7.84","8.85","6.74"
"4746","台耀","1016.25","1.65","-17.15","-16.04","-15.93"
"4755","三福化工","1632.87","11.86","4.44","7.67","5.41"
"4904","遠傳","44186.37","40.35","17.11","16.47","13.47"
"4906","正文","11007.44","11.46","1.16","4.32","3.35"
"4912","F-聯德","879.84","21.57","7.48","7.70","5.52"
"4915","致伸","20897.19","9.61","2.31","3.07","2.32"
"4916","事欣科","799.06","19.16","11.25","12.52","11.10"
"4919","新唐科技","3539.19","41.51","7.48","8.74","5.09"
"4927","F-泰鼎","3103.67","18.28","7.54","5.80","5.32"
"4930","燦星網通","6125.79","12.88","-1.38","-0.20","-0.19"
"4934","太極能源","2436.74","5.33","3.85","2.99","3.24"
"4935","F-茂林","1986.26","20.32","3.34","5.02","4.45"
"4938","和碩","429815.34","4.99","1.76","1.89","1.39"
"4942","嘉彰","4191.34","17.21","7.00","6.17","3.74"
"4952","凌通科技","1655.69","37.61","11.86","12.49","10.80"
"4956","光鋐","654.91","16.88","4.07","3.87","3.28"
"4958","F-臻鼎","24688.44","18.19","7.70","7.61","7.55"
"4960","奇美材料","9667.80","16.07","13.05","15.02","13.17"
"4968","立積","490.89","26.89","0.09","1.11","0.83"
"4976","佳凌","907.21","22.35","13.06","13.58","11.21"
"4977","F-眾達","776.61","25.56","13.88","13.90","12.95"
"4984","F-科納","424.53","24.51","-8.96","-7.49","-7.26"
"4994","傳奇","452.89","89.29","21.01","22.05","15.11"
"4999","鑫禾","916.79","36.61","20.64","21.50","17.76"
"5007","三星科技","3041.10","21.59","15.53","17.85","15.03"
"5203","訊連","1262.13","82.91","33.42","37.62","27.91"
"5215","F-科嘉","680.88","17.59","2.96","3.16","2.38"
"5225","F-東科","2627.60","14.98","7.87","7.92","6.26"
"5234","達興","1847.39","28.52","13.43","13.65","10.77"
"5259","清惠","452.80","7.20","-0.53","-1.84","-2.50"
"5264","F-鎧勝","17000.28","31.12","23.43","23.42","17.86"
"5269","祥碩科技","608.20","39.99","11.66","12.85","8.87"
"5285","界霖","1274.30","10.83","4.80","5.28","4.10"
"5305","敦南科技","4590.95","22.02","4.46","5.24","3.85"
"5388","中磊電子","9201.10","14.98","3.54","5.18","4.29"
"5434","崇越科技","7966.19","12.57","5.66","6.48","5.30"
"5469","瀚宇博德","23722.27","6.79","-1.18","-0.61","-0.97"
"5471","松翰科技","1776.94","42.29","17.16","18.94","15.08"
"5484","慧友電子","1111.94","29.47","-1.87","-1.72","-2.09"
"5515","建國工程","2895.32","9.07","0.76","40.63","34.55"
"5519","隆大營建","1426.44","12.56","4.31","5.64","5.60"
"5521","工信","1580.88","7.61","1.76","1.66","1.18"
"5522","遠雄建設","12740.43","42.66","35.27","34.00","29.60"
"5525","順天建設","1832.74","34.43","30.31","29.66","27.23"
"5531","鄉林建設","1607.40","48.46","26.83","21.30","19.50"
"5533","皇鼎建設","1012.74","30.52","19.14","19.28","12.79"
"5534","長虹","7085.85","69.96","69.02","69.20","65.69"
"5538","F-東明","3021.32","13.61","6.42","5.54","4.44"
"5607","遠雄港","597.58","50.16","23.13","18.36","18.36"
"5608","四維航業","2220.30","9.06","4.45","7.70","6.71"
"5706","鳳凰旅遊","1495.96","15.56","7.12","7.86","6.54"
"5871","F-中租","13487.80","58.32","29.50","31.35","22.48"
"5906","F-台南","1044.49","48.02","-29.87","-31.03","-30.71"
"5907","F-大洋","3594.03","84.66","17.42","20.61","11.95"
"6108","競國實業","3980.47","9.40","1.05","2.80","2.20"
"6112","聚碩","3745.99","8.46","3.15","3.54","2.94"
"6115","鎰勝","3994.93","15.33","7.65","10.60","8.86"
"6116","彩晶","16742.78","32.72","22.98","22.92","22.92"
"6117","迎廣科技","1583.06","19.21","1.89","2.67","1.85"
"6120","達運","8407.90","2.90","-3.63","-2.96","-2.67"
"6128","上福全球","832.70","40.53","16.48","17.99","14.09"
"6131","悠克國際","484.98","19.10","-9.16","-5.60","-5.64"
"6133","金橋科技","471.88","16.58","-6.78","-2.49","-1.92"
"6136","富爾特","383.75","32.17","6.80","8.15","6.35"
"6139","亞翔工程","5754.20","9.06","3.73","4.66","3.51"
"6141","柏承科技","1477.48","5.26","-6.18","-3.96","-4.12"
"6142","友勁科技","5104.44","9.91","0.63","2.16","1.82"
"6145","勁永國際","6723.41","3.95","-0.07","0.31","0.13"
"6152","百一電子","6131.59","13.98","3.02","5.27","4.07"
"6153","嘉聯益","5346.16","14.19","0.82","1.86","0.76"
"6155","鈞寶","353.19","28.83","14.59","20.33","17.21"
"6164","華興電子","872.12","30.40","11.70","11.59","8.71"
"6165","捷泰精密","336.45","3.73","-21.95","-11.61","-12.77"
"6166","凌華科技","3167.66","41.00","7.91","8.35","6.85"
"6168","宏齊科技","2006.09","4.17","-5.04","-4.90","-6.83"
"6172","互億科技","144.28","19.20","1.36","5.96","5.96"
"6176","瑞儀光電","30184.29","12.20","7.55","9.15","6.76"
"6177","達麗","717.80","26.91","18.52","17.59","9.22"
"6183","關貿","801.50","32.80","16.93","17.29","13.82"
"6184","大豐電","412.53","57.78","32.97","41.74","34.58"
"6189","豐藝電子","9647.46","8.70","3.95","4.21","3.36"
"6191","精成科技","15568.08","6.30","-0.57","-0.19","-0.53"
"6192","巨路國際","2791.67","28.45","14.26","14.54","10.91"
"6196","帆宣科技","6574.33","10.28","0.53","0.70","0.37"
"6197","佳必琪","1952.33","17.98","2.63","4.87","3.29"
"6201","亞弘電","1798.15","15.59","2.60","3.74","2.89"
"6202","盛群","1939.11","45.47","18.69","22.10","19.10"
"6205","詮欣","1169.15","20.15","5.07","8.57","6.91"
"6206","飛捷","2024.05","33.90","23.29","26.28","22.69"
"6209","今國光學","2548.07","9.87","0.88","1.92","1.40"
"6213","聯茂","9804.77","12.96","7.58","7.82","3.90"
"6214","精誠資訊","7340.74","27.11","2.67","5.28","4.42"
"6215","和椿科技","775.18","22.52","1.62","3.63","2.80"
"6216","居易","383.07","49.34","16.71","19.49","15.96"
"6224","聚鼎","729.96","49.93","29.74","32.79","25.13"
"6225","天瀚","155.00","11.20","-43.09","-37.77","-40.77"
"6226","光鼎電子","596.89","24.36","0.72","3.44","2.07"
"6230","超眾","2995.22","18.78","9.62","11.79","9.10"
"6235","華孚科技","1163.55","8.28","-3.21","-0.50","-0.75"
"6239","力成","18662.63","15.45","9.60","10.27","8.93"
"6243","迅杰","357.53","24.13","-14.05","-7.71","-7.71"
"6251","定穎電子","4858.48","9.24","-2.93","-2.40","-2.40"
"6257","矽格","2572.98","25.66","15.34","17.82","15.29"
"6269","台郡科技","4541.89","24.85","13.25","17.61","12.85"
"6271","同欣電子","3679.39","29.60","20.19","21.76","17.84"
"6277","宏正科","2208.34","57.61","18.80","19.74","16.28"
"6278","台表科","22303.77","8.06","4.23","4.87","3.58"
"6281","全國電","7708.39","21.29","4.17","4.36","3.63"
"6282","康舒","12137.06","15.20","4.59","6.43","5.41"
"6283","淳安電子","1174.44","14.98","1.61","1.35","1.29"
"6285","啟眲鴔","16636.50","13.88","4.16","5.02","3.94"
"6286","立錡","5481.36","38.88","15.14","15.68","12.93"
"6289","華上光電","206.74","-97.43","-124.37","-139.32","-114.88"
"6405","悅城科技","925.51","31.25","25.45","25.64","17.98"
"6409","旭隼","2619.17","23.71","13.47","13.80","11.36"
"6412","群光電能","11042.14","13.69","3.85","3.82","2.99"
"6414","樺漢科技","1533.83","20.97","13.11","14.82","12.19"
"6504","南六","2160.37","20.46","10.68","10.16","6.49"
"6505","台塑石化","448299.06","2.51","1.43","2.56","2.27"
"6605","帝寶工業","6553.23","29.10","12.75","14.42","11.20"
"6702","復興航空","5771.97","4.94","-4.41","-4.11","-3.23"
"8011","台通","733.81","24.44","8.64","12.43","8.51"
"8016","矽創電子","2826.46","24.73","5.47","6.59","5.49"
"8021","尖點","1225.77","29.90","13.97","14.58","11.01"
"8033","雷虎科技","526.18","30.99","-11.77","-14.08","-15.96"
"8039","台虹科技","4474.70","20.30","9.98","11.67","9.26"
"8046","南電","14312.38","-1.27","-7.90","-4.57","-4.10"
"8070","長華電材","7822.83","9.65","4.52","5.75","3.65"
"8072","陞泰","1391.70","37.91","26.16","29.85","24.45"
"8081","致新","1922.16","34.47","13.71","15.96","13.67"
"8101","華冠通訊","13562.78","6.10","0.24","0.00","-0.19"
"8103","瀚荃","1160.39","30.74","11.55","12.99","10.23"
"8105","凌巨","4489.74","-0.68","-10.83","-8.69","-9.64"
"8110","華東","4163.29","7.14","2.64","3.42","2.54"
"8112","至上電子","12070.40","3.39","1.11","1.20","0.83"
"8114","振樺電子","1227.24","41.44","18.79","21.33","17.48"
"8131","福懋科技","4385.74","2.51","1.17","2.59","1.77"
"8150","南茂科技","9359.92","14.47","8.18","14.11","11.10"
"8163","達方電子","11791.87","10.30","-0.09","0.01","0.01"
"8201","無敵","1116.95","23.44","-9.62","-4.75","-6.96"
"8210","勤誠興業","1802.94","28.80","12.51","13.37","9.52"
"8213","志超","9880.13","16.97","7.91","9.55","7.75"
"8215","明基材料","9435.32","10.80","5.80","6.56","6.21"
"8249","菱光科技","2030.77","9.62","2.16","2.65","1.85"
"8261","富鼎","972.75","11.87","-0.41","-2.43","-2.73"
"8271","宇瞻科技","4549.15","15.86","7.34","7.58","5.86"
"8374","羅昇","2160.21","14.49","0.85","0.65","0.96"
"8404","F-百和","1515.84","32.39","13.51","15.75","10.64"
"8411","F-福貞","4634.94","19.15","12.31","12.20","8.95"
"8422","可寧衛","1069.03","66.47","54.99","55.85","48.63"
"8427","F-基勝","3808.57","20.48","6.22","6.89","4.85"
"8429","F-金麗","2415.64","35.22","27.01","26.89","17.97"
"8443","阿瘦","1671.69","53.60","3.00","2.02","1.42"
"8926","台汽電","1419.82","-18.33","-24.24","15.16","13.81"
"8940","新天地","652.88","47.58","1.12","3.33","3.12"
"8996","高力","1162.36","23.20","8.62","9.62","8.12"
"9802","F-鈺齊","3334.36","15.75","4.01","4.55","4.35"
"9902","台火","119.88","3.62","-7.27","129.43","129.43"
"9904","寶成工業","110648.14","21.67","4.11","6.94","6.11"
"9905","大華金","4197.45","18.08","11.74","12.90","9.88"
"9906","欣巴巴","2.66","13.92","-911.43","-417.00","-365.78"
"9907","統一實業","14682.46","12.44","5.60","5.98","4.92"
"9908","大台北","2796.76","10.98","5.85","10.89","8.90"
"9910","豐泰企業","18402.09","19.00","7.10","8.31","6.38"
"9911","台灣櫻花","1986.15","30.30","6.99","10.51","8.30"
"9912","偉聯","290.88","26.75","-7.52","-4.18","-9.34"
"9914","美利達","11033.12","19.51","10.98","17.49","12.96"
"9917","中保","6183.72","38.17","18.95","18.81","15.21"
"9918","欣天然","1575.02","19.49","11.28","13.49","11.06"
"9919","康那香","2101.73","15.29","1.43","1.27","0.27"
"9921","巨大機械","27194.67","21.27","8.00","8.86","6.32"
"9924","台灣福興","2786.84","13.62","3.68","6.86","5.07"
"9925","新光保全","3758.00","34.77","14.93","18.84","15.29"
"9926","新海瓦斯","1341.79","13.03","7.60","8.62","7.23"
"9927","泰銘","4450.91","12.87","10.60","9.85","7.94"
"9928","中視","526.61","-9.64","-27.31","-22.48","-22.50"
"9929","秋雨","664.63","4.07","-21.76","-24.07","-24.08"
"9930","中聯資源","3030.39","20.40","14.87","15.47","13.06"
"9931","欣高","770.67","12.05","7.89","31.17","24.41"
"9933","中鼎工程","24580.36","9.00","5.55","5.24","4.42"
"9934","成霖企業","9266.64","26.68","1.33","0.83","0.57"
"9935","慶豐富","1539.75","15.06","-1.91","-5.65","-4.95"
"9937","全國","15031.35","5.72","0.88","1.54","1.27"
"9938","台灣百和","3767.52","32.28","14.89","15.38","10.52"
"9939","宏全","8749.75","19.11","11.10","11.08","9.03"
"9940","信義房屋","5962.31","34.38","24.32","27.62","22.54"
"9941","裕融企業","7071.48","33.71","14.32","15.41","11.44"
"9942","茂順","1231.29","37.17","23.43","25.77","19.25"
"9943","好樂迪","1681.14","57.01","17.93","18.37","14.71"
"9944","新麗企業","1952.35","18.49","5.91","6.63","5.39"
"9945","潤泰創新","7209.05","16.09","4.15","35.69","34.54"
"9946","三發地產","2871.76","34.79","26.80","26.77","24.25"
"9955","佳龍","2401.76","-0.85","-3.98","-3.53","-3.55"
"9958","世紀鋼構","1713.10","12.07","10.37","8.45","7.63"
